INSERT INTO public.couriers (id, courier_name) VALUES(1, 'Пётр');
INSERT INTO public.couriers (id, courier_name) VALUES(2, 'Василий');
INSERT INTO public.couriers (id, courier_name) VALUES(3, 'Егор');
INSERT INTO public.regions (id, region_name) VALUES(1, 'Железнодорожный');
INSERT INTO public.regions (id, region_name) VALUES(2, 'Центральный');
INSERT INTO public.regions (id, region_name) VALUES(3, 'Октябрьский');
INSERT INTO public.regions (id, region_name) VALUES(4, 'Ленинский');
INSERT INTO public.courier_region (id, courier_id, region_id) VALUES(6, 1, 1);
INSERT INTO public.courier_region (id, courier_id, region_id) VALUES(7, 1, 2);
INSERT INTO public.courier_region (id, courier_id, region_id) VALUES(8, 1, 3);
INSERT INTO public.courier_region (id, courier_id, region_id) VALUES(9, 2, 1);
INSERT INTO public.courier_region (id, courier_id, region_id) VALUES(10, 2, 4);
INSERT INTO public.courier_region (id, courier_id, region_id) VALUES(11, 3, 4);
INSERT INTO public.courier_region (id, courier_id, region_id) VALUES(12, 3, 2);
INSERT INTO public.orders (id, courier_id, region_id, order_text, start_time, finish_time) VALUES(1, 1, 1, 'Заказ Петра в железнодорожном завершенный', '2023-11-10 12:00:00.000', '2023-11-10 18:00:00.000');
INSERT INTO public.orders (id, courier_id, region_id, order_text, start_time, finish_time) VALUES(3, 1, 2, 'Заказ Петра в центральном завершенный', '2023-11-10 12:00:00.000', '2023-11-10 15:00:00.000');
INSERT INTO public.orders (id, courier_id, region_id, order_text, start_time, finish_time) VALUES(5, 2, 1, 'Заказ Василия в ЖД завершенный', '2023-11-11 12:00:00.000', '2023-11-10 12:00:00.000');
INSERT INTO public.orders (id, courier_id, region_id, order_text, start_time, finish_time) VALUES(6, 2, 4, 'Заказ Василия в ленинском завершенный', '2023-11-11 12:00:00.000', '2023-11-10 12:00:00.000');
INSERT INTO public.orders (id, courier_id, region_id, order_text, start_time, finish_time) VALUES(7, 3, 4, 'Заказ Егора в ленинском завершенный', '2023-11-11 12:00:00.000', '2023-11-10 12:00:00.000');
INSERT INTO public.orders (id, courier_id, region_id, order_text, start_time, finish_time) VALUES(8, 3, 2, 'Заказ Егора в центральном завершенный', '2023-11-12 12:00:00.000', '2023-11-10 12:00:00.000');
INSERT INTO public.orders (id, courier_id, region_id, order_text, start_time, finish_time) VALUES(4, 1, 3, 'Заказ Петра в октябрьском не завершенный', '2023-11-10 12:00:00.000', NULL);